rank,title,url,hot_value,publish_time
1,要闻,,0,2026-06-17 09:28:53
2,深度,,0,2026-06-17 09:28:53
3,直播,,0,2026-06-17 09:28:53
4,视频,,0,2026-06-17 09:28:53
5,时事,,0,2026-06-17 09:28:53
6,国际,,0,2026-06-17 09:28:53
7,财经,,0,2026-06-17 09:28:53
8,视听,,0,2026-06-17 09:28:53
9,科技,,0,2026-06-17 09:28:53
10,暖闻,,0,2026-06-17 09:28:53
11,澎湃号,,0,2026-06-17 09:28:53
12,智库,,0,2026-06-17 09:28:53
13,思想,,0,2026-06-17 09:28:53
14,生活,,0,2026-06-17 09:28:53
15,问吧,,0,2026-06-17 09:28:53
16,奔流,,0,2026-06-17 09:28:53
17,健康,,0,2026-06-17 09:28:53
18,体育,,0,2026-06-17 09:28:53
19,评论,,0,2026-06-17 09:28:53
20,ESG,,0,2026-06-17 09:28:53
21,文旅,,0,2026-06-17 09:28:53
22,短剧,,0,2026-06-17 09:28:53
